Workbook

Sheet dComprador
A1: Codigo Comprador | B1: Nome Comprador
A2: 1 | B2: Alon
A3: 2 | B3: João
A4: 3 | B4: Diego
A5: 4 | B5: Lira
A6: 5 | B6: Carolina
A7: 6 | B7: Camila

Sheet dFornecedor
A1: Codigo Fornecedor | B1: Nome Fornecedor
A2: 1 | B2: NorthShore
A3: 2 | B3: Minerva
A4: 3 | B4: StepUp
A5: 4 | B5: AlphaOmega
A6: 5 | B6: Atlas

Sheet fCompras
A1: Pedido | B1: Data Pedido | C1: Data Saída | D1: Previsão Entrega | E1: Data Entrega | F1: Comprador | G1: Materia Prima | H1: Quantidade | I1: Descontos | J1: Fornecedor | K1: Nome do Comprador | L1: Nome do Fornecedor | M1: Nome da Matéria-prima | N1: Custo Unitário | O1: Valor Bruto da Compra | P1: Valor do Desconto | Q1: Valor Líquido da Compra | R1: Status de Entrega | S1: Dias de Atraso
A2: 1 | B2: 43485 | C2: 43489 | D2: 43492 | E2: 43496 | F2: 4 | G2: 5 | H2: 47 | I2: 0 | J2: 1 | K2: =_xlfn.XLOOKUP(fCompras!F2,dComprador!$A$2:$A$7,dComprador!$B$2:$B$7) -> Lira | L2: =_xlfn.XLOOKUP(J2,dFornecedor!$A$2:$A$6,dFornecedor!$B$2:$B$6) -> NorthShore | M2: =_xlfn.XLOOKUP(G2,dMateriaPrima!$A$2:$A$12,dMateriaPrima!$B$2:$B$12) -> Areia | N2: =_xlfn.XLOOKUP(G2,dMateriaPrima!$A$2:$A$12,dMateriaPrima!$C$2:$C$12) -> 3.59 | O2: =PRODUCT(H2,N2) -> 168.73 | P2: =PRODUCT(O2,I2) -> 0 | Q2: =O2-P2 -> 168.73 | R2: =IF(E2<=D2,"No prazo",IF(E2>D2,"Em atraso")) -> Em atraso | S2: =IF(E2 >D2, E2-D2,0) -> 4
A3: 2 | B3: 43493 | C3: 43494 | D3: 43500 | E3: 43503 | F3: 4 | G3: 5 | H3: 221 | I3: 0 | J3: 3 | K3: =_xlfn.XLOOKUP(fCompras!F3,dComprador!$A$2:$A$7,dComprador!$B$2:$B$7) -> Lira | L3: =_xlfn.XLOOKUP(J3,dFornecedor!$A$2:$A$6,dFornecedor!$B$2:$B$6) -> StepUp | M3: =_xlfn.XLOOKUP(G3,dMateriaPrima!$A$2:$A$12,dMateriaPrima!$B$2:$B$12) -> Areia | N3: =_xlfn.XLOOKUP(G3,dMateriaPrima!$A$2:$A$12,dMateriaPrima!$C$2:$C$12) -> 3.59 | O3: =PRODUCT(H3,N3) -> 793.39 | P3: =PRODUCT(O3,I3) -> 0 | Q3: =O3-P3 -> 793.39 | R3: =IF(E3<=D3,"No prazo",IF(E3>D3,"Em atraso")) -> Em atraso | S3: =IF(E3 >D3, E3-D3,0) -> 3
A4: 3 | B4: 43519 | C4: 43519 | D4: 43526 | E4: 43526 | F4: 4 | G4: 9 | H4: 36 | I4: 0 | J4: 2 | K4: =_xlfn.XLOOKUP(fCompras!F4,dComprador!$A$2:$A$7,dComprador!$B$2:$B$7) -> Lira | L4: =_xlfn.XLOOKUP(J4,dFornecedor!$A$2:$A$6,dFornecedor!$B$2:$B$6) -> Minerva | M4: =_xlfn.XLOOKUP(G4,dMateriaPrima!$A$2:$A$12,dMateriaPrima!$B$2:$B$12) -> Couro | N4: =_xlfn.XLOOKUP(G4,dMateriaPrima!$A$2:$A$12,dMateriaPrima!$C$2:$C$12) -> 4.4 | O4: =PRODUCT(H4,N4) -> 158.4 | P4: =PRODUCT(O4,I4) -> 0 | Q4: =O4-P4 -> 158.4 | R4: =IF(E4<=D4,"No prazo",IF(E4>D4,"Em atraso")) -> No prazo | S4: =IF(E4 >D4, E4-D4,0) -> 0
A5: 4 | B5: 43525 | C5: 43534 | D5: 43537 | E5: 43543 | F5: 4 | G5: 7 | H5: 37 | I5: 0 | J5: 3 | K5: =_xlfn.XLOOKUP(fCompras!F5,dComprador!$A$2:$A$7,dComprador!$B$2:$B$7) -> Lira | L5: =_xlfn.XLOOKUP(J5,dFornecedor!$A$2:$A$6,dFornecedor!$B$2:$B$6) -> StepUp | M5: =_xlfn.XLOOKUP(G5,dMateriaPrima!$A$2:$A$12,dMateriaPrima!$B$2:$B$12) -> Poliéster | N5: =_xlfn.XLOOKUP(G5,dMateriaPrima!$A$2:$A$12,dMateriaPrima!$C$2:$C$12) -> 8 | O5: =PRODUCT(H5,N5) -> 296 | P5: =PRODUCT(O5,I5) -> 0 | Q5: =O5-P5 -> 296 | R5: =IF(E5<=D5,"No prazo",IF(E5>D5,"Em atraso")) -> Em atraso | S5: =IF(E5 >D5, E5-D5,0) -> 6
A6: 5 | B6: 43528 | C6: 43528 | D6: 43535 | E6: 43539 | F6: 4 | G6: 8 | H6: 217 | I6: 0 | J6: 2 | K6: =_xlfn.XLOOKUP(fCompras!F6,dComprador!$A$2:$A$7,dComprador!$B$2:$B$7) -> Lira | L6: =_xlfn.XLOOKUP(J6,dFornecedor!$A$2:$A$6,dFornecedor!$B$2:$B$6) -> Minerva | M6: =_xlfn.XLOOKUP(G6,dMateriaPrima!$A$2:$A$12,dMateriaPrima!$B$2:$B$12) -> Cimento | N6: =_xlfn.XLOOKUP(G6,dMateriaPrima!$A$2:$A$12,dMateriaPrima!$C$2:$C$12) -> 23 | O6: =PRODUCT(H6,N6) -> 4991 | P6: =PRODUCT(O6,I6) -> 0 | Q6: =O6-P6 -> 4991 | R6: =IF(E6<=D6,"No prazo",IF(E6>D6,"Em atraso")) -> Em atraso | S6: =IF(E6 >D6, E6-D6,0) -> 4
A7: 6 | B7: 43535 | C7: 43535 | D7: 43542 | E7: 43544 | F7: 4 | G7: 1 | H7: 12 | I7: 0 | J7: 5 | K7: =_xlfn.XLOOKUP(fCompras!F7,dComprador!$A$2:$A$7,dComprador!$B$2:$B$7) -> Lira | L7: =_xlfn.XLOOKUP(J7,dFornecedor!$A$2:$A$6,dFornecedor!$B$2:$B$6) -> Atlas | M7: =_xlfn.XLOOKUP(G7,dMateriaPrima!$A$2:$A$12,dMateriaPrima!$B$2:$B$12) -> Tecido | N7: =_xlfn.XLOOKUP(G7,dMateriaPrima!$A$2:$A$12,dMateriaPrima!$C$2:$C$12) -> 18 | O7: =PRODUCT(H7,N7) -> 216 | P7: =PRODUCT(O7,I7) -> 0 | Q7: =O7-P7 -> 216 | R7: =IF(E7<=D7,"No prazo",IF(E7>D7,"Em atraso")) -> Em atraso | S7: =IF(E7 >D7, E7-D7,0) -> 2
A8: 7 | B8: 43543 | C8: 43554 | D8: 43554 | E8: 43560 | F8: 4 | G8: 9 | H8: 417 | I8: 0 | J8: 1 | K8: =_xlfn.XLOOKUP(fCompras!F8,dComprador!$A$2:$A$7,dComprador!$B$2:$B$7) -> Lira | L8: =_xlfn.XLOOKUP(J8,dFornecedor!$A$2:$A$6,dFornecedor!$B$2:$B$6) -> NorthShore | M8: =_xlfn.XLOOKUP(G8,dMateriaPrima!$A$2:$A$12,dMateriaPrima!$B$2:$B$12) -> Couro | N8: =_xlfn.XLOOKUP(G8,dMateriaPrima!$A$2:$A$12,dMateriaPrima!$C$2:$C$12) -> 4.4 | O8: =PRODUCT(H8,N8) -> 1834.8 | P8: =PRODUCT(O8,I8) -> 0 | Q8: =O8-P8 -> 1834.8 | R8: =IF(E8<=D8,"No prazo",IF(E8>D8,"Em atraso")) -> Em atraso | S8: =IF(E8 >D8, E8-D8,0) -> 6
A9: 8 | B9: 43545 | C9: 43558 | D9: 43558 | E9: 43560 | F9: 4 | G9: 9 | H9: 70 | I9: 0 | J9: 1 | K9: =_xlfn.XLOOKUP(fCompras!F9,dComprador!$A$2:$A$7,dComprador!$B$2:$B$7) -> Lira | L9: =_xlfn.XLOOKUP(J9,dFornecedor!$A$2:$A$6,dFornecedor!$B$2:$B$6) -> NorthShore | M9: =_xlfn.XLOOKUP(G9,dMateriaPrima!$A$2:$A$12,dMateriaPrima!$B$2:$B$12) -> Couro | N9: =_xlfn.XLOOKUP(G9,dMateriaPrima!$A$2:$A$12,dMateriaPrima!$C$2:$C$12) -> 4.4 | O9: =PRODUCT(H9,N9) -> 308 | P9: =PRODUCT(O9,I9) -> 0 | Q9: =O9-P9 -> 308 | R9: =IF(E9<=D9,"No prazo",IF(E9>D9,"Em atraso")) -> Em atraso | S9: =IF(E9 >D9, E9-D9,0) -> 2
A10: 9 | B10: 43546 | C10: 43554 | D10: 43557 | E10: 43562 | F10: 4 | G10: 1 | H10: 300 | I10: 0 | J10: 2 | K10: =_xlfn.XLOOKUP(fCompras!F10,dComprador!$A$2:$A$7,dComprador!$B$2:$B$7) -> Lira | L10: =_xlfn.XLOOKUP(J10,dFornecedor!$A$2:$A$6,dFornecedor!$B$2:$B$6) -> Minerva | M10: =_xlfn.XLOOKUP(G10,dMateriaPrima!$A$2:$A$12,dMateriaPrima!$B$2:$B$12) -> Tecido | N10: =_xlfn.XLOOKUP(G10,dMateriaPrima!$A$2:$A$12,dMateriaPrima!$C$2:$C$12) -> 18 | O10: =PRODUCT(H10,N10) -> 5400 | P10: =PRODUCT(O10,I10) -> 0 | Q10: =O10-P10 -> 5400 | R10: =IF(E10<=D10,"No prazo",IF(E10>D10,"Em atraso")) -> Em atraso | S10: =IF(E10 >D10, E10-D10,0) -> 5
A11: 10 | B11: 43549 | C11: 43554 | D11: 43556 | E11: 43562 | F11: 4 | G11: 1 | H11: 253 | I11: 0 | J11: 5 | K11: =_xlfn.XLOOKUP(fCompras!F11,dComprador!$A$2:$A$7,dComprador!$B$2:$B$7) -> Lira | L11: =_xlfn.XLOOKUP(J11,dFornecedor!$A$2:$A$6,dFornecedor!$B$2:$B$6) -> Atlas | M11: =_xlfn.XLOOKUP(G11,dMateriaPrima!$A$2:$A$12,dMateriaPrima!$B$2:$B$12) -> Tecido | N11: =_xlfn.XLOOKUP(G11,dMateriaPrima!$A$2:$A$12,dMateriaPrima!$C$2:$C$12) -> 18 | O11: =PRODUCT(H11,N11) -> 4554 | P11: =PRODUCT(O11,I11) -> 0 | Q11: =O11-P11 -> 4554 | R11: =IF(E11<=D11,"No prazo",IF(E11>D11,"Em atraso")) -> Em atraso | S11: =IF(E11 >D11, E11-D11,0) -> 6
A12: 11 | B12: 43551 | C12: 43551 | D12: 43562 | E12: 43563 | F12: 4 | G12: 1 | H12: 135 | I12: 0 | J12: 4 | K12: =_xlfn.XLOOKUP(fCompras!F12,dComprador!$A$2:$A$7,dComprador!$B$2:$B$7) -> Lira | L12: =_xlfn.XLOOKUP(J12,dFornecedor!$A$2:$A$6,dFornecedor!$B$2:$B$6) -> AlphaOmega | M12: =_xlfn.XLOOKUP(G12,dMateriaPrima!$A$2:$A$12,dMateriaPrima!$B$2:$B$12) -> Tecido | N12: =_xlfn.XLOOKUP(G12,dMateriaPrima!$A$2:$A$12,dMateriaPrima!$C$2:$C$12) -> 18 | O12: =PRODUCT(H12,N12) -> 2430 | P12: =PRODUCT(O12,I12) -> 0 | Q12: =O12-P12 -> 2430 | R12: =IF(E12<=D12,"No prazo",IF(E12>D12,"Em atraso")) -> Em atraso | S12: =IF(E12 >D12, E12-D12,0) -> 1
A13: 12 | B13: 43552 | C13: 43552 | D13: 43559 | E13: 43562 | F13: 4 | G13: 5 | H13: 146 | I13: 0 | J13: 4 | K13: =_xlfn.XLOOKUP(fCompras!F13,dComprador!$A$2:$A$7,dComprador!$B$2:$B$7) -> Lira | L13: =_xlfn.XLOOKUP(J13,dFornecedor!$A$2:$A$6,dFornecedor!$B$2:$B$6) -> AlphaOmega | M13: =_xlfn.XLOOKUP(G13,dMateriaPrima!$A$2:$A$12,dMateriaPrima!$B$2:$B$12) -> Areia | N13: =_xlfn.XLOOKUP(G13,dMateriaPrima!$A$2:$A$12,dMateriaPrima!$C$2:$C$12) -> 3.59 | O13: =PRODUCT(H13,N13) -> 524.14 | P13: =PRODUCT(O13,I13) -> 0 | Q13: =O13-P13 -> 524.14 | R13: =IF(E13<=D13,"No prazo",IF(E13>D13,"Em atraso")) -> Em atraso | S13: =IF(E13 >D13, E13-D13,0) -> 3
... A9810: 9809 | B9810: 44562 | C9810: 44562 | D9810: 44569 | E9810: 44571 | F9810: 4 | G9810: 10 | H9810: 11 | I9810: 0.23 | J9810: 2 | K9810: =_xlfn.XLOOKUP(fCompras!F9810,dComprador!$A$2:$A$7,dComprador!$B$2:$B$7) -> Lira | L9810: =_xlfn.XLOOKUP(J9810,dFornecedor!$A$2:$A$6,dFornecedor!$B$2:$B$6) -> Minerva | M9810: =_xlfn.XLOOKUP(G9810,dMateriaPrima!$A$2:$A$12,dMateriaPrima!$B$2:$B$12) -> Pedra Britada | N9810: =_xlfn.XLOOKUP(G9810,dMateriaPrima!$A$2:$A$12,dMateriaPrima!$C$2:$C$12) -> 56 | O9810: =PRODUCT(H9810,N9810) -> 616 | P9810: =PRODUCT(O9810,I9810) -> 141.68 | Q9810: =O9810-P9810 -> 474.32 | R9810: =IF(E9810<=D9810,"No prazo",IF(E9810>D9810,"Em atraso")) -> Em atraso | S9810: =IF(E9810 >D9810, E9810-D9810,0) -> 2

Sheet dMateriaPrima
A1: Codigo MP | B1: Nome MP | C1: Custo Unitário
A2: 1 | B2: Tecido | C2: 18
A3: 2 | B3: Chapa Metal | C3: 299.9
A4: 3 | B4: Barra Metal | C4: 565
A5: 4 | B5: Madeira | C5: 168
A6: 5 | B6: Areia | C6: 3.59
A7: 6 | B7: Fio Algodão | C7: 55.9
A8: 7 | B8: Poliéster | C8: 8
A9: 8 | B9: Cimento | C9: 23
A10: 9 | B10: Couro | C10: 4.4
A11: 10 | B11: Pedra Britada | C11: 56
A12: 11 | B12: Papel | C12: 9

Sheet Resumo
A1: Codigo Fornecedor | B1: Nome Fornecedor | C1: Valor Total Comprado por Fornecedor
A2: 5 | B2: Atlas | C2: =SUMIFS(fCompras!Q:Q,fCompras!J:J,Resumo!A6) -> 27170252
A3: 4 | B3: AlphaOmega | C3: =SUMIFS(fCompras!Q:Q,fCompras!J:J,Resumo!A5) -> 16793009
A4: 1 | B4: NorthShore | C4: =SUMIFS(fCompras!$Q:$Q,fCompras!$J:$J,Resumo!$A2) -> 4658229.4
A5: 3 | B5: StepUp | C5: =SUMIFS(fCompras!Q:Q,fCompras!J:J,Resumo!A4) -> 9868190.2
A6: 2 | B6: Minerva | C6: =SUMIFS(fCompras!Q:Q,fCompras!J:J,Resumo!A3) -> 7392985.2
A9: Codigo Comprador | B9: Nome Comprador | C9: Valor Total Comprado por Comprador
A10: 1 | B10: Alon | C10: =SUMIFS(fCompras!Q:$Q,fCompras!$F:$F,$A10) -> 32926944
A11: 4 | B11: Lira | C11: =SUMIFS(fCompras!Q:$Q,fCompras!$F:$F,$A11) -> 26975353
A12: 2 | B12: João | C12: =SUMIFS(fCompras!Q:$Q,fCompras!$F:$F,$A12) -> 4603803.7
A13: 3 | B13: Diego | C13: =SUMIFS(fCompras!Q:$Q,fCompras!$F:$F,$A13) -> 1376564.3
A14: 5 | B14: Carolina | C14: =SUMIFS(fCompras!Q:$Q,fCompras!$F:$F,$A14) -> 0
A15: 6 | B15: Camila | C15: =SUMIFS(fCompras!Q:$Q,fCompras!$F:$F,$A15) -> 0
A18: Codigo MP | B18: Nome MP | C18: Valor Total por Materia-Prima
A19: 1 | B19: Tecido | C19: =SUMIFS(fCompras!P:P,fCompras!G:G,$A19) -> 53628.12
A20: 2 | B20: Chapa Metal | C20: =SUMIFS(fCompras!P:P,fCompras!G:G,$A20) -> 223734.4
A21: 3 | B21: Barra Metal | C21: =SUMIFS(fCompras!P:P,fCompras!G:G,$A21) -> 110451.85
A22: 4 | B22: Madeira | C22: =SUMIFS(fCompras!P:P,fCompras!G:G,$A22) -> 153179.04
A23: 5 | B23: Areia | C23: =SUMIFS(fCompras!P:P,fCompras!G:G,$A23) -> 12388.48
A24: 6 | B24: Fio Algodão | C24: =SUMIFS(fCompras!P:P,fCompras!G:G,$A24) -> 58816.862
A25: 7 | B25: Poliéster | C25: =SUMIFS(fCompras!P:P,fCompras!G:G,$A25) -> 22267.04
A26: 8 | B26: Cimento | C26: =SUMIFS(fCompras!P:P,fCompras!G:G,$A26) -> 34484.36
A27: 9 | B27: Couro | C27: =SUMIFS(fCompras!P:P,fCompras!G:G,$A27) -> 15522.716
A28: 10 | B28: Pedra Britada | C28: =SUMIFS(fCompras!P:P,fCompras!G:G,$A28) -> 83643.28
A29: 11 | B29: Papel | C29: =SUMIFS(fCompras!P:P,fCompras!G:G,$A29) -> 21948.21
A32: Codigo Fornecedor | B32: Nome Fornecedor | C32: Tempo Médio de Entrega
A33: 3 | B33: StepUp | C33: =AVERAGEIF(fCompras!J:J,Tabela106[[#This Row],[Codigo Fornecedor]],fCompras!S:S) -> 2.1003075
A34: 1 | B34: NorthShore | C34: =AVERAGEIF(fCompras!J:J,Tabela106[[#This Row],[Codigo Fornecedor]],fCompras!S:S) -> 2.0781841
A35: 4 | B35: AlphaOmega | C35: =AVERAGEIF(fCompras!J:J,Tabela106[[#This Row],[Codigo Fornecedor]],fCompras!S:S) -> 2.077957
A36: 2 | B36: Minerva | C36: =AVERAGEIF(fCompras!J:J,Tabela106[[#This Row],[Codigo Fornecedor]],fCompras!S:S) -> 2.0565689
A37: 5 | B37: Atlas | C37: =AVERAGEIF(fCompras!J:J,Tabela106[[#This Row],[Codigo Fornecedor]],fCompras!S:S) -> 2.0540166
A39: Pedidos Atrasados | B39: Pedidos no Prazo
A40: =COUNTIFS(fCompras!R:R,"Em atraso") / COUNTA(fCompras!A:A) -> 0.77961264 | B40: =(COUNTIFS(fCompras!R:R,"No prazo") / COUNTA(fCompras!A:A)) -> 0.22028542

Sheet Relatório
B1: RELATÓRIO FINAL SOBRE ÁNALISE DE DADOS
B4: 1º ANÁLISE. Valor total por comprador. | L4: 2º ANÁLISE. Valor total comprado de fornecedor.
B22: O gráfico mostra que o maior volume de compras está concentrado em Alon (R$ 32 milhões) e Lira (R$ 26 milhões), que representam a maior parte do valor total analisado. João (R$ 4 milhões) e Diego (R$ 1 milhão) apresentam participação bem menor, enquanto Carolina e Camila não registraram movimentação nesse período. | L22: O gráfico mostra que os maiores fornecedores de matéria-prima foram Atlas (R$ 27 milhões) e AlphaOmega (R$ 16 milhões). Já StepUp (R$ 9 milhões) e Minerva (R$ 7 milhões) representam uma parcela menor do fornecimento, sendo a NorthShore (R$ 4 milhões) a menor fornecedora no período.
B30: 3º ANÁLISE. Valor total de compras de materia prima. | L30: 4º ANÁLISE. Porcentagem de pedidos que atrasaram.
B48: O gráfico mostra que Chapa Metal (R$ 223 mil) é a matéria-prima com maior valor de compra, seguida por Madeira (R$ 153 mil) e Barra Metal (R$ 110 mil). Os demais materiais apresentam valores significativamente menores, sendo os menores Papel (R$ 21 mil), Couro (R$ 15 mil) e, por último, Areia (R$ 12 mil). | L48: O gráfico mostra que 78% dos pedidos chegam atrasados, enquanto apenas 22% chegam no prazo. É necessário investigar as causas para entender por que a maioria dos pedidos está sendo entregue com atraso.
B54: 5º ANÁLISE. Tempo médio de entrega por fornecedor.
B72: O gráfico mostra que a fornecedora com mais atrasos é a StepUp, seguida pela NorthShore e AlphaOmega. Já a fornecedora com melhor tempo de entrega é a Atlas, seguida pela Minerva.
